neologism,control
snapchat,youtube
mfs,imma
asf,soo
oomf,xd
ilysm,babe
exo,rtrt
insta,bbm
selfie,twitpic
mutuals,beliebers
ps4,droid
crypto,markets
namjoon,handsome
frfr,lmbo
bangtan,biebs
oomfs,buddies
blockchain,technologies
skz,jls
directioner,supporter
ps5,tron
airpods,headset
selca,shinee
imessage,itouch
normalize,justify
wayv,tokio
lockdowns,pandemic
yixing,oppa
smol,chubby
wattpad,manga
fwu,shid
unvaccinated,overweight
opioid,prostate
tiktoks,twitpics
ao3,lj
chenle,snsd
gaslighting,insulting
vixx,kpop
anti-trump,anti-gay
soobin,bonamana
vaping,underage
undertale,assassin's
simping,dissing
juul,cig
a'f,cuhz
keto,celery
shopee,baru
pledis,2ne1
dsmp,tvd
vmin,tvxq
clickbait,spammer
alt-right,pro-life
gogglebox,wipeout
revine,fallow
exols,stans
wwx,minho
aespa,dewyze
no-deal,reforms
izone,jyj
finessed,bagged
sunghoon,u-kiss
doggo,neice
pro-trump,gingrich
shownu,jaebum
charot,sampe
trumpers,mcconnell
litty,hottt
nctzens,filipinos
turnup,worddd
exo-l,nelena
remainers,electoral
ults,ss501
shìt,doee
tøp,ema's
stahp,stopp
selcas,taemin
fintech,sourcing
sunwoo,donghae
brexiteers,economists
hendery,heechul
dysphoria,deprivation
headcanon,fangirl
ableist,blatantly
pre-save,soundcloud
voxer,ichat
moas,suju
ransomware,salmonella
juseyo,bisa
bhakts,pundits
mahomies,usmile
asymptomatic,medications
speedrun,metroid
fanwars,arguement
magcon,zanessa
kdramas,musicals
exo-ls,sungmin
wym,niga
stimmy,mula
nuest,bmth
shitpost,deviantart
arianators,followme
subunit,mblaq
deplorables,constituents
dabbing,loling
asab,lmaaoo
grift,marxist
wonpil,eunhyuk
seokmin,shinee's
incel,unfunny
cheol,hae
ableism,inherent
depop,primark
finessing,choosin
terfs,mormons
sksksk,ahahha
goated,funnny
clownery,coonery
vlives,dbsk
preworkout,hydration
brexiters,baggers
bruhhhhh,niceeeee
oomfies,folowers
fromis,b2st
hodl,spx
dassit,ayeeeeee
sirf,udh
baecation,staycation
ahgase,yesung
dowoon,yong
woollim,boyband
t'f,fonee
gmfu,trippn
fanchant,jaejoong
7dream,kibum
sksksks,loooooool
knetz,hyun
unstan,refollow
anitwt,plurk
doggos,anipals
remainer,lockerbie
magats,traitors
shookt,floored
acads,blahhhh
normie,douchey
exid,yunho
demonetisation,post-election
werey,enuh
neymar's,carles
heckin,hecka
transphobes,feminists
shooketh,mesmerized
fe3h,rdr
monbebes,kangin
ombré,dreds
curiouscat,pmessenger
ahre,mano
promare,ponyo
incels,wannabes
nightcore,wonderwall
imessages,gmail's
caliphate,nasrallah
intersectional,journalistic
golcha,k-pop
wokeness,fascists
blueface,whiteboy
scoups,bigbang
hypmic,arashi
aswear,deir
weebs,furries
shadowbanned,twitterfox
rapline,hwaiting
as'f,cheaa
comey's,burris
sunbaenim,inkigayo
i-land,hangeng
kpoppies,glamberts
bottlemen,orpheum
yogas,speedos
trumpsters,krauthammer
larrie,kenielle
tpwk,ftsk
endwalker,half-life
colourpop,photobook
sksks,wkwkwk
emoluments,giuliani
stydia,sylar
exos,jyp
deobis,shawols
blockchains,optimisation
hotstar,slingbox
onnat,takinq
vaxx,hlth
up10tion,4minute
sasaeng,joong
thottie,niqquh
weeknd's,neptunes
unstanning,selenagomez
grifting,perverse
wonu,awee
crine,roastin
pd101,jang
docuseries,globalgrind
yeeted,sneaked
jowa,kasi
firestick,directtv
clairo,sixx
fornite,blackops
cringiest,silliest
doxxing,friending
blackpink's,shakira's
onewe,cassies
ubers,cabbies
shitposts,youtubes
worldie,braga
weeekly,yoochun
anti-mask,garofalo
immunocompromised,life-threatening
dusse,dranks
speedruns,gamespot
vbucks,gamecube
sinb,cnblue
gecs,jonsi
choerry,junho
deobi,maknae
artstyle,megaman
jopping,fancam
gfuel,mentos
remdesivir,penicillin
gidle,taeyeon
grammarly,inkscape
demonetization,redistribution
finessin,talk'n
saudi-led,afganistan
egirl,biebz
indyref,kosovo
thotty,tsss
twothousant,shatterday
wannable,thankyouu
arknights,wiiware
komaeda,hyunseung
treze,tudo
pwussy,yungin
rudimental,wolfmother
insurrectionist,anti-american
streamlabs,tweetcaster
kkt,bbm's
roshes,skully
sksksksks,ngapain
bannon's,reagan's
kaisoo,galau
scuf,in-ear
remoaners,nationalist
sweg,lurv
vaxed,tamiflu
sewoon,nichkhun
wannables,belieber's
fuckboi,wierdo
altcoins,deflation
situationship,realtionship
casamigos,haterade
vapp,mubank
choreos,snsd's
gamepass,cybertron
hanbin's,shindong
masternim,superjunior
sdds,estou
hylt,yoona
tfatws,jasam
weeksary,happppy
carrds,url's
instragram,twitname
jungoo,aweee
afffff,thatsz
demonrats,unpatriotic
tommyinnit,bieberisafag
anti-lgbtq,protestant
vaporwave,cassettes
gaslit,conned
mewning,amores
coindesk,netbanker
thotiana,rasheeda
picsart,trillian
verivery,saranghae
sdgs,lcq
p5r,ff13
littttt,aowww
lifeproof,nailpolish
asfff,heffas
shithousery,firepower
inspirits,sandara
chromebooks,firewalls
erky,suckss
anti-lockdown,freedomworks
hoseoks,wowowow
u23s,raring
bralette,pyjama
manziel's,parcells
gifset,tbbt
serverless,pedagogy
calums,cassie's
nugu,yoseob
softblock,un-followed
pd48,kry
ganap,jumat
asffff,fuken
seulrene,wooyoung
pogba's,buddle
2chains,summerjam
instas,tumblrs
zepeto,junhyung
instgram,re-add
hearteu,eyess
earpods,ihome
choom,t-ara
xiaoting,dongho
edgelord,trekkie
doyeon,taec
missguided,womenswear
chatime,tarik
runtz,piffy
joycons,blu-rays
microservices,bookmarklets
xnxx,pron
substack,hubpages
viners,kcas
tubbos,beibers
vampin,poopin
stormblood,playthrough
markle's,bullock's
woocommerce,winterboard
sehyoon,heenim
dokyeom,kat-tun
post-truth,reshaping
qrting,tweetss
gaslighted,mentored
whataboutism,patronizing
macron's,far-right
bodycam,retrial
skullgirls,shippuden
oppars,hyuk
coronaviruses,degradation
asff,drunkk
ygtb,jjang
tobio,doojoon
mntase,babylove
mobage,touhou
microplastics,carnivorous
blockchain-based,synchronization
deancas,tlist
ebile,belum
anti-brexit,denouncing
brotp,henrie
synthwave,glassjaw
gopay,mmg
bitcoin's,experian
ezoo,xgames
joycon,mkii
lled,kickd
hsmtmts,sing-off
gwsn,yunjae
trumpies,d-bags
trypophobia,diarrhoea
comate,buset
radicalised,operatives
leeknow,jonghun
lomls,x0x0
internalised,insistence
ranpo,ichigo
manhua,inuyasha
sechan,huhuhuhu
creker,aigoo
bronies,bisexuals
k-armys,pepole
pro-brexit,santorum
t20is,u21
ggx,sgd
pleek,fany
mixnine,unusuals
tigrayan,sedition
2ds,rrod
wizone,antis
yoongs,bhahaha
barchie,kradam
stablecoin,andreessen
ifunny,neopets
attacca,esmee
literallt,omgggggggg
de-escalate,negotiators
bralettes,oakleys
bruhhhhhhh,whyyyyyyyy
minsung,soshi
petição,finning
phonepe,celcom
presave,ihits
namjoonie,agreeeee
croods,helsing
dalgona,funfetti
souma,chibi
shopeepay,bannner
midzy,yourt
cavetown,youmeatsix
mewlions,yeayyy
ifwy,tlkinq
trukfit,g-shit
on-chain,throughput
p1harmony,wesupport
czennies,annyeong
fleeky,pretti
boffum,sperrys
given-taken,whatthehell
doomfist,terran
fakenews,imitators
memed,tazed
khashoggi's,laraabcnews
msmes,filers
artfinder,narananda
covid-related,firefighter's
trump-loving,pro-reform
splitgate,blazblue
karmys,sones
myocarditis,palpitations
sangwoo,hongki
sanvers,chlollie
plankin,wrdddd
oneits,mcrmy
soonhoon,seohyun
idolish,sistar
mfkers,femaless
choni,atwt
f-codes,wildfox
presstitutes,self-interest
covidiots,shitheads
leadernim,sooyoung
ksksksks,dddddd
starmer's,reshuffle
bughead,godric
tensorflow,doubleclick
femboys,vagina's
oomfie,iily
nevies,fansites
dangan,plushies
trsr,kiseop
unalive,dieeee
e-girls,boybands
ai-powered,gesturetek
deepfake,spoofing
stablecoins,fraudsters
showmatch,concierto
quackitys,selenas
kpopies,theirself
softblocked,exboyfriend
grownish,undateable
danmei,animes
